{"cameraMode":{"drawMode":0,"name":"Shaded","section":"Shading Mode"},"sceneLighting":false,"audioPlay":false,"sceneViewState":{"showFog":true,"showMaterialUpdate":false,"showSkybox":true,"showFlares":true,"showImageEffects":true,"showParticleSystems":true},"in2DMode":false,"pivot":{"x":5.976293087005615,"y":2.6653847694396974,"z":4.651656627655029},"rotation":{"x":-0.18670152127742768,"y":0.007954826578497887,"z":-0.001511798589490354,"w":-0.9823838472366333},"size":15.251553535461426,"orthographic":false}